{"model": "RandomForest", "accuracy_train": 1.0, "recall_train": 1.0, "f1_train": 1.0, "auc_train": 1.0, "accuracy_val": 0.7962962962962963, "recall_val": 0.7962962962962963, "f1_val": 0.7963661774982529, "auc_val": 0.8839285714285714, "auc_test": 0.9113756613756613, "_timestamp": 1725560153.4752011, "_runtime": 11609.887656211853, "_step": 6, "accuracy_test": 0.7818181818181819, "recall_test": 0.7818181818181819, "f1_test": 0.7803636363636364, "_wandb": {"runtime": 12640}}