{"model": "RandomForest", "accuracy_train": 1.0, "recall_train": 1.0, "f1_train": 1.0, "auc_train": 1.0, "accuracy_val": 0.8333333333333334, "recall_val": 0.8333333333333334, "f1_val": 0.8331613347093223, "auc_val": 0.9024725274725275, "accuracy_test": 0.7818181818181819, "recall_test": 0.7818181818181819, "f1_test": 0.7803636363636364, "auc_test": 0.9001322751322751, "_timestamp": 1725278120.731392, "_runtime": 1396.1128900051117, "_step": 17, "_wandb": {"runtime": 193628}}