{"model": "RandomForest", "accuracy_train": 1.0, "recall_train": 1.0, "f1_train": 1.0, "auc_train": 1.0, "accuracy_val": 0.8148148148148148, "recall_val": 0.8148148148148148, "f1_val": 0.8143039591315454, "auc_val": 0.8894230769230769, "accuracy_test": 0.8, "recall_test": 0.8, "f1_test": 0.7979926396788223, "auc_test": 0.9140211640211641, "_timestamp": 1725543524.882106, "_runtime": 857.7871861457825, "_step": 5, "_wandb": {"runtime": 2175}}