{"model": "RandomForest", "accuracy_train": 1.0, "recall_train": 1.0, "f1_train": 1.0, "auc_train": 1.0, "accuracy_val": 0.7777777777777778, "recall_val": 0.7777777777777778, "f1_val": 0.7771647509578544, "auc_val": 0.8935439560439561, "accuracy_test": 0.7818181818181819, "recall_test": 0.7818181818181819, "f1_test": 0.7803636363636364, "auc_test": 0.906084656084656, "_timestamp": 1725479907.320402, "_runtime": 321.6497619152069, "_step": 8}